<?xml version="1.0" encoding="UTF-8"?>
<project-private xmlns="http://www.netbeans.org/ns/project-private/1">
    <editor-bookmarks xmlns="http://www.netbeans.org/ns/editor-bookmarks/2" lastBookmarkId="0"/>
    <open-files xmlns="http://www.netbeans.org/ns/projectui-open-files/2">
        <group>
            <file>file:/C:/Users/Admin/Documents/NetBeansProjects/Forms1/web/index.jsp</file>
            <file>file:/C:/Users/Admin/Documents/NetBeansProjects/Forms1/web/returnurl.jsp</file>
            <file>file:/C:/Users/Admin/Documents/NetBeansProjects/Forms1/web/callbackurl.jsp</file>
            <file>file:/C:/Users/Admin/Documents/NetBeansProjects/Forms1/src/java/molpay/molpay.java</file>
            <file>file:/C:/Users/Admin/Documents/NetBeansProjects/Forms1/src/java/molpay/controller.java</file>
        </group>
    </open-files>
</project-private>
