<?xml version="1.0" encoding="UTF-8"?>
<project-private xmlns="http://www.netbeans.org/ns/project-private/1">
    <editor-bookmarks xmlns="http://www.netbeans.org/ns/editor-bookmarks/2" lastBookmarkId="0"/>
    <open-files xmlns="http://www.netbeans.org/ns/projectui-open-files/2">
        <group>
            <file>file:/C:/Users/Admin/Documents/NetBeansProjects/SeamlessIntegration/web/cancel_order.jsp</file>
            <file>file:/C:/Users/Admin/Documents/NetBeansProjects/SeamlessIntegration/src/java/molpay/controller.java</file>
            <file>file:/C:/Users/Admin/Documents/NetBeansProjects/SeamlessIntegration/nbproject/build-impl.xml</file>
            <file>file:/C:/Users/Admin/Documents/NetBeansProjects/SeamlessIntegration/src/conf/MANIFEST.MF</file>
            <file>file:/C:/Users/Admin/Documents/NetBeansProjects/SeamlessIntegration/web/process_order.jsp</file>
            <file>file:/C:/Users/Admin/Documents/NetBeansProjects/SeamlessIntegration/web/returnurl.jsp</file>
            <file>file:/C:/Users/Admin/Documents/NetBeansProjects/SeamlessIntegration/web/index.jsp</file>
        </group>
    </open-files>
</project-private>
